<?xml version="1.0" encoding="UTF-8"?>
<!--
  ~
  ~ ========================================================================
  ~ Copyright (c) 1995-2022 Mort Bay Consulting Pty Ltd and others.
  ~
  ~ This program and the accompanying materials are made available under
  ~ the terms of the Eclipse Public License 2.0 which is available at
  ~ https://www.eclipse.org/legal/epl-2.0
  ~
  ~ This Source Code may also be made available under the following
  ~ Secondary Licenses when the conditions for such availability set
  ~ forth in the Eclipse Public License, v. 2.0 are satisfied:
  ~ the Apache License v2.0 which is available at
  ~ https://www.apache.org/licenses/LICENSE-2.0
  ~
  ~ SPDX-License-Identifier: EPL-2.0 OR Apache-2.0
  ~ ========================================================================
  ~
  -->

<!DOCTYPE Configure PUBLIC "-//Jetty//Configure//EN" "https://www.eclipse.org/jetty/configure_10_0.dtd">

<Configure>
  <Ref refid="JMXConnectorServer">
    <Call name="putAttribute">
      <Arg>jmx.remote.x.password.file</Arg>
      <Arg>etc/jmxremote.password</Arg>
    </Call>
    <Call name="putAttribute">
      <Arg>jmx.remote.x.access.file</Arg>
      <Arg>etc/jmxremote.access</Arg>
    </Call>
  </Ref>
</Configure>
