<?xml version="1.0"?>
<!DOCTYPE Configure PUBLIC "-//Jetty//Configure//EN" "http://www.eclipse.org/jetty/configure_10_0.dtd">
<Configure>
  <New id="byteBufferPool" class="org.eclipse.jetty.io.LogarithmicArrayByteBufferPool">
    <Arg type="int"><Property name="jetty.byteBufferPool.minCapacity" default="0"/></Arg>
    <Arg type="int"><Property name="jetty.byteBufferPool.maxCapacity" default="65536"/></Arg>
    <Arg type="int"><Property name="jetty.byteBufferPool.maxQueueLength" default="-1"/></Arg>
    <Arg type="long"><Property name="jetty.byteBufferPool.maxHeapMemory" default="0"/></Arg>
    <Arg type="long"><Property name="jetty.byteBufferPool.maxDirectMemory" default="0"/></Arg>
  </New>
</Configure>
