<?xml version="1.0"?>
<!DOCTYPE Configure PUBLIC "-//Jetty//Configure//EN" "https://www.eclipse.org/jetty/configure_10_0.dtd">

<Configure id="Contexts" class="org.eclipse.jetty.server.handler.ContextHandlerCollection">
  <New id="WellKnownHandler" class="org.eclipse.jetty.server.handler.ContextHandler">
    <Set name="contextPath">/.well-known</Set>
    <Set name="handler">
      <New class="org.eclipse.jetty.server.handler.ResourceHandler">
        <Set name="resourceBase">
          <Call name="resolvePath" class="org.eclipse.jetty.xml.XmlConfiguration">
            <Arg><Property name="jetty.base"/></Arg>
            <Arg><Property name="jetty.wellknown.dir" default=".well-known"/></Arg>
          </Call>
        </Set>
        <Set name="directoriesListed"><Property name="jetty.wellknown.listDirectories" default="false"/></Set>
      </New>
    </Set>
  </New>

  <Call name="addHandler">
    <Arg><Ref refid="WellKnownHandler"/></Arg>
  </Call>
</Configure>

